,Approve,Reject,id
0,5,8,core_dev
1,2735751929913627153510365,2184929923559288090581933,token_holder
2,15714131043418112,63684310644352000,clients
3,4.662438547452592e+18,2.537502343885226e+18,capacity
4,30504554830222336,130048626444320768,deals
